{
  "neuron_type": "violence",
  "target_neurons": [
    9727,
    21273,
    58683,
    3535,
    10583,
    36377,
    30075
  ],
  "total_samples": 39283,
  "mean_score": 0.006708261384779378,
  "median_score": 0.005371358245611191,
  "std_score": 0.009978185232331386,
  "min_score": 0.0,
  "max_score": 0.22614070347377233
}