{
  "neuron_type": "creativity",
  "target_neurons": [
    9869,
    21227,
    17035,
    63055
  ],
  "total_samples": 39283,
  "mean_score": 0.012222679819999627,
  "median_score": 0.00981625635176897,
  "std_score": 0.018198218238405152,
  "min_score": 0.0,
  "max_score": 0.5604644119739532
}