{
  "neuron_type": "toxicity",
  "target_neurons": [
    21637,
    43242,
    38814,
    10395
  ],
  "total_samples": 39283,
  "mean_score": 0.019447293677460797,
  "median_score": 0.014865651726722717,
  "std_score": 0.02348045634572722,
  "min_score": 0.0,
  "max_score": 0.7707341015338898
}