{
  "true_positives": 8332,
  "false_positives": 13884,
  "false_negatives": 6720,
  "precision": 0.375045012603529,
  "recall": 0.5535477013021526,
  "f1_score": 0.4471396372222819,
  "ground_truth_count": 15052,
  "predicted_count": 22216
}