{
  "true_positives": 7966,
  "false_positives": 21377,
  "false_negatives": 2591,
  "precision": 0.2714787172409093,
  "recall": 0.7545704272046984,
  "f1_score": 0.39929824561403515,
  "ground_truth_count": 10557,
  "predicted_count": 29343
}