{
  "true_positives": 10515,
  "false_positives": 11701,
  "false_negatives": 8442,
  "precision": 0.47330752610731003,
  "recall": 0.5546763728438044,
  "f1_score": 0.5107716221795837,
  "ground_truth_count": 18957,
  "predicted_count": 22216
}