{
  "true_positives": 5893,
  "false_positives": 18055,
  "false_negatives": 3575,
  "precision": 0.24607482879572407,
  "recall": 0.6224123362906633,
  "f1_score": 0.352705290878621,
  "ground_truth_count": 9468,
  "predicted_count": 23948
}