{
  "true_positives": 1644,
  "false_positives": 22304,
  "false_negatives": 974,
  "precision": 0.06864873893435777,
  "recall": 0.6279602750190986,
  "f1_score": 0.12376722126025748,
  "ground_truth_count": 2618,
  "predicted_count": 23948
}